<?xml version="1.0" standalone="no"?>
<manifest identifier="_6VmdDbVS2Fl_course_id" version="1.3" xmlns="http://www.imsglobal.org/xsd/imscp_v1p1" xmlns:adlcp="http://www.adlnet.org/xsd/adlcp_v1p3" xmlns:adlseq="http://www.adlnet.org/xsd/adlseq_v1p3" xmlns:adlnav="http://www.adlnet.org/xsd/adlnav_v1p3" xmlns:imsss="http://www.imsglobal.org/xsd/imsss" xmlns:xsi="http://www.w3.org/2001/XMLSchema-instance" xsi:schemaLocation="http://www.imsglobal.org/xsd/imscp_v1p1 imscp_v1p1.xsd&#xA;                        http://www.adlnet.org/xsd/adlcp_v1p3 adlcp_v1p3.xsd&#xA;                        http://www.adlnet.org/xsd/adlseq_v1p3 adlseq_v1p3.xsd&#xA;                        http://www.adlnet.org/xsd/adlnav_v1p3 adlnav_v1p3.xsd&#xA;                        http://www.imsglobal.org/xsd/imsss imsss_v1p0.xsd">
  <metadata>
    <schema>ADL SCORM</schema>
    <schemaversion>CAM 1.3</schemaversion>
    <adlcp:location>metadata.xml</adlcp:location>
  </metadata>
  <organizations default="The_Kübler-Ross_model_ORG">
    <organization identifier="The_Kübler-Ross_model_ORG" adlseq:objectivesGlobalToSystem="false">
      <title>The Kübler-Ross model</title>
      <item identifier="The_Curve_SCO" identifierref="__6VmdDbVS2Fl_course_id_RES" isvisible="true">
        <title>The Kübler-Ross model</title>
        <imsss:sequencing>
          <imsss:deliveryControls tracked="true" completionSetByContent="true" objectiveSetByContent="true" />
        </imsss:sequencing>
      </item>
      <metadata>
        <adlcp:location>metadata.xml</adlcp:location>
      </metadata>
      <imsss:sequencing>
        <imsss:controlMode choice="true" flow="true" />
        <imsss:deliveryControls tracked="true" completionSetByContent="false" objectiveSetByContent="false" />
      </imsss:sequencing>
    </organization>
  </organizations>
  <resources>
    <resource identifier="__6VmdDbVS2Fl_course_id_RES" type="webcontent" adlcp:scormType="sco" href="index_lms.html">
      <file href="story_content/thumbnail.jpg" />
      <file href="mobile/6EOT7OCvxMP_DX1440_DY1440_CX1079_CY607.jpg" />
      <file href="mobile/61G0SOouEiE_DX384_DY384_CX288_CY228.png" />
      <file href="mobile/5jLkqbpzrqs_DX368_DY368_CX276_CY184.png" />
      <file href="mobile/69VbUxyqu2e_X_DX416_DY416_CX208_CY312.png" />
      <file href="mobile/6fqDRcceodo_DX554_DY554_CX415_CY277.png" />
      <file href="mobile/6gnFUO3Rr9d_P_663_444_768_730_DX954_DY954_CX268_CY255.png" />
      <file href="story_content/5mI73syHPL2_22050_160_0.mp3" />
      <file href="mobile/6QNLZu1Hsqn_X_B10_DX1436_DY1436_CX718_CY427.png" />
      <file href="mobile/62tTTI3Chvj_DX168_DY168_CX73_CY125.png" />
      <file href="mobile/5yL8PIkkj5o_DX168_DY168_CX73_CY125.gif" />
      <file href="mobile/6IHLVER00tz_X_P_196_14_235_376_DX1212_DY1212_CX236_CY376.png" />
      <file href="mobile/5lhmJOpv4QD_DX2252_DY2252_CX1215_CY716.png" />
      <file href="mobile/5e8shmwTuCE_DX2028_DY2028_CX1014_CY676.png" />
      <file href="mobile/6jE8YQmJpFL_DX3108_DY3108_CX1554_CY1036.png" />
      <file href="mobile/6IXiLkdNBcv_DX3446_DY3446_CX1723_CY1149.png" />
      <file href="mobile/6mTXYyd3QZt_DX84_DY84_CX42_CY30.png" />
      <file href="meta.xml" />
      <file href="story_content/user.js" />
      <file href="mobile/Shape5XFrTeZaEKv.png" />
      <file href="mobile/Shape6qV5TB7fU9X.png" />
      <file href="mobile/Shape5oTPXSnR20j.png" />
      <file href="mobile/Shape6RPHx3Um5o8.png" />
      <file href="mobile/Shape6D08VBpVSO0.png" />
      <file href="mobile/Shape6Z3adMpF2Wn.png" />
      <file href="mobile/Shape6YOF7GGMeob.png" />
      <file href="mobile/txt__default_6npMjR4AXYe.png" />
      <file href="mobile/txt__default_6gi7zPmraAR.png" />
      <file href="mobile/txt__default_5hkGfMrYr7N.png" />
      <file href="mobile/txt__default_65js7Pkb6zY.png" />
      <file href="mobile/txt__default_63njgQzCD48.png" />
      <file href="mobile/txt__default_5qdxZUJJsHq.png" />
      <file href="mobile/txt__default_6OsXElCozfl.png" />
      <file href="mobile/txt__default_6i2FL456v8U.png" />
      <file href="mobile/txt__default_6VSO0XlU81N.png" />
      <file href="mobile/txt__default_6XkoSBmCj50.png" />
      <file href="mobile/txt__default_637w1O8K23U.png" />
      <file href="mobile/txt__default_6NkRsaG8Fx0.png" />
      <file href="html5/data/css/output.min.css" />
      <file href="html5/data/js/5cMwuTfbOIA.js" />
      <file href="html5/data/js/5sirVvI5rLD.js" />
      <file href="html5/data/js/5xLYzkoAn5u.js" />
      <file href="html5/data/js/61vSyAuZTqK.js" />
      <file href="html5/data/js/6arnJKnyhTa.js" />
      <file href="html5/data/js/6aUSu3COeMe.js" />
      <file href="html5/data/js/6dZeT8RPhuj.js" />
      <file href="html5/data/js/6eWhcAsXa1e.js" />
      <file href="html5/data/js/6f5SV1NqoVD.js" />
      <file href="html5/data/js/6JecVrVIZui.js" />
      <file href="html5/data/js/6LjNyUJvm14.js" />
      <file href="html5/data/js/6O0G1q5WK6c.js" />
      <file href="html5/data/js/6OmrZMXft5o.js" />
      <file href="html5/data/js/6ouuQ9JL3Q2.js" />
      <file href="html5/data/js/data.js" />
      <file href="html5/data/js/frame.js" />
      <file href="html5/data/js/paths.js" />
      <file href="html5/lib/scripts/app.min.js" />
      <file href="html5/lib/stylesheets/main.min.css" />
      <file href="html5/lib/stylesheets/mobile-fonts/open-sans-bold.woff" />
      <file href="html5/lib/stylesheets/mobile-fonts/open-sans-light.woff" />
      <file href="html5/lib/stylesheets/mobile-fonts/open-sans-regular.woff" />
      <file href="story.html" />
      <file href="story_html5.html" />
      <file href="analytics-frame.html" />
      <file href="story_content/blank.html" />
      <file href="story_content/story.js" />
      <file href="index_lms.html" />
      <file href="index_lms_html5.html" />
      <file href="lms/AICCComm.html" />
      <file href="lms/AICCFunctions.js" />
      <file href="lms/API.js" />
      <file href="lms/APIConstants.js" />
      <file href="lms/blank.html" />
      <file href="lms/browsersniff.js" />
      <file href="lms/Configuration.js" />
      <file href="lms/goodbye.html" />
      <file href="lms/lms.js" />
      <file href="lms/LMSAPI.js" />
      <file href="lms/NONEFunctions.js" />
      <file href="lms/SCORM2004Functions.js" />
      <file href="lms/SCORMFunctions.js" />
      <file href="lms/UtilityFunctions.js" />
    </resource>
  </resources>
</manifest>